{
  "emergency": {
    "0": 0.6666666666666666,
    "1": 2.0
  },
  "severity": {
    "0": 1.0169491525423728,
    "1": 1.25,
    "2": 1.0909090909090908,
    "3": 0.7692307692307693
  },
  "immediate_attention": {
    "0": 0.9448818897637795,
    "1": 1.0619469026548674
  }
}