{
  "is_emergency": {
    "symptom_severity_encoded": 0.7932303608564155,
    "urgency_level": 0.7798946154887635,
    "symptom_count": 0.3098325118161568,
    "primary_symptom_encoded": 0.28292056279599836,
    "symptom_pattern_encoded": 0.2797220766058404,
    "has_vomiting": 0.22081388209058855,
    "gender_encoded": 0.21796070936851286,
    "data_source_encoded": 0.195655974541159,
    "has_diarrhea": 0.16949003078287583,
    "has_appetite_loss": 0.14610431075889457,
    "weight_status_encoded": 0.14189297155398856,
    "age": 0.13668450147753072,
    "is_senior": 0.12048647511608432,
    "has_lethargy": 0.10657533873037979,
    "time_of_day_encoded": 0.10597311947000511,
    "is_young": 0.10444659357341878,
    "weight": 0.09767717388497875,
    "has_lameness": 0.08421519210665196,
    "weight_age_ratio": 0.08278770858716172,
    "has_fever": 0.07190558099215925,
    "has_coughing": 0.06296001877353567,
    "breed_health_risk_encoded": 0.0588657786183022,
    "has_skin_lesions": 0.05292561240249633,
    "season_encoded": 0.042475196417974016,
    "animal_type_encoded": 0.02483725707491017,
    "breed_encoded": 0.021176635151797907,
    "life_stage_encoded": 0.012664772950838496,
    "breed_size_encoded": 0.003778214676602183,
    "is_chronic": NaN
  },
  "severity_class": {
    "urgency_level": 1.0,
    "symptom_severity_encoded": 0.7899853858021008,
    "primary_symptom_encoded": 0.35297199416944297,
    "symptom_count": 0.20998728946246192,
    "has_fever": 0.20036566984053814,
    "symptom_pattern_encoded": 0.17589925983890628,
    "has_vomiting": 0.16726323125953257,
    "gender_encoded": 0.16689572210416706,
    "data_source_encoded": 0.16300557388433487,
    "weight_status_encoded": 0.12835632091798374,
    "is_senior": 0.12415480904670166,
    "time_of_day_encoded": 0.12256243429472051,
    "age": 0.10948386373797653,
    "is_young": 0.10718070517638469,
    "has_skin_lesions": 0.10688415192633076,
    "has_diarrhea": 0.10583725857642697,
    "breed_health_risk_encoded": 0.09949503814906833,
    "has_lameness": 0.07051847827753285,
    "weight": 0.06234350161203976,
    "has_coughing": 0.06061417390047083,
    "has_appetite_loss": 0.06034061642138104,
    "weight_age_ratio": 0.05976977124821937,
    "animal_type_encoded": 0.05062530831839427,
    "has_lethargy": 0.04199622710890811,
    "breed_encoded": 0.01973492643026456,
    "season_encoded": 0.007741064514906984,
    "life_stage_encoded": 0.007307633999289317,
    "breed_size_encoded": 0.004094236055604519,
    "is_chronic": NaN
  },
  "needs_immediate_attention": {
    "urgency_level": 0.8586385168679155,
    "symptom_severity_encoded": 0.8519652158296556,
    "primary_symptom_encoded": 0.35607651903077414,
    "has_fever": 0.21876953901456483,
    "is_senior": 0.2040972754511883,
    "has_vomiting": 0.18784629047487825,
    "age": 0.1820694988153246,
    "time_of_day_encoded": 0.15511985861411198,
    "symptom_pattern_encoded": 0.15485098079041099,
    "symptom_count": 0.153159530331602,
    "has_lethargy": 0.13293819999416626,
    "data_source_encoded": 0.13289595284473418,
    "weight_status_encoded": 0.1234507304609785,
    "gender_encoded": 0.12118404369506715,
    "weight": 0.10656863112796894,
    "has_appetite_loss": 0.10350912920731281,
    "has_skin_lesions": 0.08646968573235245,
    "breed_health_risk_encoded": 0.08129255437917701,
    "has_lameness": 0.07914497485560416,
    "has_coughing": 0.05751438939283348,
    "weight_age_ratio": 0.05522080305173577,
    "animal_type_encoded": 0.05432767228014717,
    "has_diarrhea": 0.050512965772198576,
    "is_young": 0.047820727210665166,
    "season_encoded": 0.019283443471526603,
    "breed_encoded": 0.01663918114558899,
    "breed_size_encoded": 0.013055817683896978,
    "life_stage_encoded": 0.011797648573670102,
    "is_chronic": NaN
  }
}